{"cameraMode":{"drawMode":0,"name":"Shaded","section":"Shading Mode"},"sceneLighting":false,"audioPlay":false,"sceneViewState":{"m_AlwaysRefresh":false,"showFog":true,"showSkybox":false,"showFlares":true,"showImageEffects":true,"showParticleSystems":true,"showVisualEffectGraphs":true,"m_FxEnabled":true},"in2DMode":false,"pivot":{"x":-2.0791730880737306,"y":1.7530649900436402,"z":3.8131494522094728},"rotation":{"x":0.02055395394563675,"y":-0.37676969170570376,"z":-0.008358706720173359,"w":-0.9260504245758057},"size":0.8660253882408142,"orthographic":false}