{"cameraMode":{"drawMode":0,"name":"Shaded","section":"Shading Mode"},"sceneLighting":false,"audioPlay":false,"sceneViewState":{"m_AlwaysRefresh":false,"showFog":true,"showSkybox":false,"showFlares":true,"showImageEffects":true,"showParticleSystems":true,"showVisualEffectGraphs":true,"m_FxEnabled":true},"in2DMode":false,"pivot":{"x":20.610000610351564,"y":8.680000305175782,"z":20.530000686645509},"rotation":{"x":0.20603391528129579,"y":0.23513256013393403,"z":-0.05107564479112625,"w":0.9485016465187073},"size":2.1650636196136476,"orthographic":true}